dataset,guide,seq,db,position,longSeq100Bp,Raw,Normalized
ghandi2016_ci2,Bmp24-1,CTGCATAATACGCGGGACCTGG,ci2,chr04q:1812468-1812568:-,AGTAGTCGCCCATGTGCGCCTTGTACAGGTGCTGCATAATACGCGGGACCTGGAAGTCTTTTTCCGGCGTGGGCCTTCGCTTAAGCCCGAACATGTTCAA,0,-1.794933098
ghandi2016_ci2,Bmp24-2,CTAGAAGTTATCACCACGAAGG,ci2,chr04q:1812621-1812721:+,CATGAAGATATTGCGAGCCGGGTTAACACTGCTAGAAGTTATCACCACGAAGGTAAGGACTGTTTTACATTGTCATATATAGGAATGTGTTATAAACAGG,24,-0.03470078
ghandi2016_ci2,Bmp24-3,ATGTGGTTGCTCGGCATCCCGG,ci2,chr04q:1814280-1814380:-,CGGCATCGTACTGATGTCAAATCGTAGCCGGATGTGGTTGCTCGGCATCCCGGGGTAATGCTCCTCGTTATCTGTAGGAAAGATTCATGATTTACAAAAG,12,-0.587164212
ghandi2016_ci2,Bmp24-4,GAGCTTCTCCTGCATCGAGAGG,ci2,chr04q:1814373-1814473:+,GATGCCGAGTGAAGAGGTTATCGGCGCTGCAGAGCTTCTCCTGCATCGAGAGGCAGTGTGGCATCATGTAACATCAGGCCAAGGCCACATGCATCGCTTG,37,0.738505029
ghandi2016_ci2,Ddr-1,CTACAGCACAAATAGATACAGG,ci2,chr09q:3259633-3259733:+,TTCTGTCTTCTGCTGTCAGAGGTACAACCGACTACAGCACAAATAGATACAGGTAAGATGGAAATACTTTTGTTGATTTTATTAAAGTTTTGGTTGATTT,3,-1.178106063
ghandi2016_ci2,Ddr-2,CAATGCTATCCATTGGGGCAGG,ci2,chr09q:3263364-3263464:-,TACTTTGTGTTTCTGGTGTTTGTTTGTCCAGCAATGCTATCCATTGGGGCAGGTATGTCATACGATACCAATCCAGCTACAAAGTAAAAAAACATAAATT,42,1.178106063
ghandi2016_ci2,Ddr-3,GAGCGTCCGCAGTTGTCGCTGG,ci2,chr09q:3266477-3266577:-,CGATATTGGTTCTAATGTCACCATGTGGTCTGAGCGTCCGCAGTTGTCGCTGGTTCTACTGTACGAATACCTCAGTGGTGTCTATATGGAAAATAAGTGA,3,-1.178106063
ghandi2016_ci2,Ddr-4,CATCCACTGGTGCAGGGGTTGG,ci2,chr09q:3266556-3266656:+,GTGACATTAGAACCAATATCGAGGCAATCTTCATCCACTGGTGCAGGGGTTGGTGTGATGGATAGCAAACCACCAATGCCAATTTACCAAGAGGTTCGTG,46,1.714128164
ghandi2016_ci2,Ddr-5,TGAGCCTTATGTCTCTGCATGG,ci2,chr09q:3268992-3269092:+,CATCATATATTTCAATTTGCAGACGAAATGATGAGCCTTATGTCTCTGCATGGTGATAAGCCGCCCGAGTTTCCTCGTGAGAAGCTGGAAGTAGTTGAGC,32,0.410197739
ghandi2016_ci2,Ebf-1,TACGACAGACAAGGGCAGCCGG,ci2,scaffold_186:66898-66998:-,AAGCAACTTTTTCCACTTCGTGCTTGCCCTGTACGACAGACAAGGGCAGCCGGTGGAAATTGAGCGAAGTGCTTTCGTAGGATTTGTGGAAAACGAAACC,24,-0.03470078
ghandi2016_ci2,Ebf-2,GCATCCATCCTCTCACTGCTGG,ci2,scaffold_186:68497-68597:+,TACTTTGGCATCGGTTCCACTAACGTTGTTTGCATCCATCCTCTCACTGCTGGCCCCGATAACTGAGGTCCCGCCATTGTTGCCATTTGGATATTACTTA,4,-1.049131398
ghandi2016_ci2,Ebf-3,CTGAGGGTTGGACAACAGGTGG,ci2,scaffold_186:61229-61329:-,GCTTCGCCAACTATCAAAGCAATCAACCCAGCTGAGGGTTGGACAACAGGTGGAGCAACAGTTGTTATAGTTGGAGAAAATTTCTTTGACGGGCTTCAAG,37,0.738505029
ghandi2016_ci2,Ebf-4,TTGGAGAAAATTTCTTTGACGG,ci2,scaffold_186:61190-61290:-,TGGACAACAGGTGGAGCAACAGTTGTTATAGTTGGAGAAAATTTCTTTGACGGGCTTCAAGTTGTGTTTGGTTCAATGGTTGTGTGGAGTGAGGTAAGAA,0,-1.794933098
ghandi2016_ci2,Eph-a-2,GGCTGCAATCGTATCAACCTGG,ci2,chr01p:1629864-1629964:-,CTACTCGTGTGTCAGGCTTAAACCGTTCATCGGCTGCAATCGTATCAACCTGGACATGATGTAAAAATGTGATTAAACGTTGAATGAATGGATGTTGCTT,34,0.486944619
ghandi2016_ci2,Eph-a-3,AATTGGGGACACATTGTCCTGG,ci2,chr01p:1630595-1630695:-,AGTTTACCTTTTGTGTTTTTCATCGTCGCTGAATTGGGGACACATTGTCCTGGAACGTCGACAAGTGACGTCATCATAGGGCCGGATACGGTTGGGGGGA,37,0.738505029
ghandi2016_ci2,Ets-b-1,ATATCTCGCCCACAAATGGAGG,ci2,chr10p:1585574-1585674:+,CCTGACTGCAACCTATCAAGATGCTCCCACAATATCTCGCCCACAAATGGAGGACAAAGATGCAAAAAGCTCTCCTTCCTCAGACTGCACATCATTGATC,9,-0.738505029
ghandi2016_ci2,Ets-b-2,ATCTTGATAGGTTGCAGTCAGG,ci2,chr10p:1585527-1585627:-,CCTCCATTTGTGGGCGAGATATTGTGGGAGCATCTTGATAGGTTGCAGTCAGGTAATTGGAGAAATTTTATGTTCTGTTGTTTCTCCAATTTATGTTCTG,5,-0.935596516
ghandi2016_ci2,Ets-b-3,GAGTGGTCCAATCCAACTGTGG,ci2,chr10p:1583415-1583515:-,AACATTTTGTAAACAGAGTTCTTATTTCAGGGAGTGGTCCAATCCAACTGTGGCAGTTCCTTATTGAGTTACTGACAGATAGATCTTGCCAACACTTCGT,38,0.935596516
ghandi2016_ci2,Ets-b-4,CTTACCTTGCTACTTCATCTGG,ci2,chr10p:1583322-1583422:+,TGCAACAATATACAAGTTACTTGGTGTTATTCTTACCTTGCTACTTCATCTGGGTCAATCATCTTAAACTCCCAGCCATCCCCAGTCCATGTAACGAAGT,0,-1.794933098
ghandi2016_ci2,Ffg46-1,CCCGCAATTCAGTACCTGTCGG,ci2,chr01q:3809809-3809909:+,TTGCCATGTTTCTGCATGTCGAGCTCACATCCCCGCAATTCAGTACCTGTCGGTTTGAACCTGCCATCCTGGCCTGCAGATTCGGCAGTATATAGTCCGT,37,0.738505029
ghandi2016_ci2,Ffg46-2,AGTCTTTATTCCGTAGCTCGGG,ci2,chr01q:3809664-3809764:+,CATCGATGTGTTTTGTAATAAGATGATTCAGAGTCTTTATTCCGTAGCTCGGGCTGTTTTCCACAGCAGCAGAAAGAACATCTTTTATTTTGCTGAGTGC,19,-0.29930691
ghandi2016_ci2,Ffg46-3,CATCTCGGTGGACAATATGTGG,ci2,chr01q:3809533-3809633:-,AGCAGATGTTACTCTTGTCGTTTTGTATCTTCATCTCGGTGGACAATATGTGGTTTTCTTAAAAAGACGTTGACGATAGGTTTACTCTTGCTCGTCCTAC,20,-0.263211531
ghandi2016_ci2,Ffg46-4,TGTTCATTTAGGCTTACCATGG,ci2,chr01q:3805373-3805473:+,GGCCAAAGCTATAAAACAATCCCTCGACGCTTGTTCATTTAGGCTTACCATGGCTTTGACTTTTCCCCGCTTTGTAACGCAAATGTATCGTGAAGTCGCC,10,-0.671770041
ghandi2016_ci2,Fgf81718-1,CTCGGAGACATAGCCAGCGGGG,ci2,chr05q:3707154-3707254:-,GTTTTACAGGTTCTTGCTGGGTATCATCGTCCTCGGAGACATAGCCAGCGGGGTAAGTCTACTTTTGCATACTAAACCACTTGTTCTGTAAAATCCCCGG,39,1.079697704
ghandi2016_ci2,Fgf81718-2,GGACGACTAGTTGGAAAGGTGG,ci2,chr05q:3699800-3699900:-,AACTGAACGGTTTCTTTGCATGAATAAAAGAGGACGACTAGTTGGAAAGGTGGGTTGTGGTGTGAAATATAGTACGGTGGGGTAAGATAGGGATACCGTT,31,0.335796644
ghandi2016_ci2,Ffgr-1,CAACACACGTCTTACCTTCTGG,ci2,scaffold_105:119348-119448:+,TAGCAGATCTTGGGTTATATCACACGGAATACAACACACGTCTTACCTTCTGGGTTTGAAATGTTTGTTTGAGCAGCTAGCGTTGAAATTGTGTTGAGGG,24,-0.03470078
ghandi2016_ci2,Ffgr-2,CAAACGGAGCACCAAAAAGTGG,ci2,scaffold_105:117632-117732:-,TATTTAAATTTTTCAGAAGATTTGTTCGATACAAACGGAGCACCAAAAAGTGGTACGTAAAGAAATCTATTTTTTAGGAATAAATTATGTTTCGGTTGAA,30,0.263211531
ghandi2016_ci2,Ffgr-3,TTGAACTGCACATCTAAACTGG,ci2,scaffold_105:117148-117248:+,TATACCAATCCACGGTGATTGGTCTTGCACCTTGAACTGCACATCTAAACTGGACAGTGTTACCTGCTGGTTCAGCGTGAAGTCGCTTTTGCATCTTCTG,2,-1.330386369
ghandi2016_ci2,Ffgr-4,TACATCCAGTTCGTAAGTATGG,ci2,scaffold_105:116798-116898:+,TTGCAAAATATCGAATGGTAAACCTACCTACTACATCCAGTTCGTAAGTATGGTTGATGGAGCCGTACTTATTATGGGCCACACACATGTACTTAGCACG,24,-0.03470078
ghandi2016_ci2,Foxf-1,CCATTCGCTGCGACCGCTGCGG,ci2,chr03q:2558177-2558277:+,AGTTGGAGACGTTGTTTGTGGGCTTGTAATGCCATTCGCTGCGACCGCTGCGGCCGCCGCACCGTTAAAGAAATGTGCAGAAGCGGCAGCAGCAGCGTTC,29,0.17434836
ghandi2016_ci2,Foxf-2,ACTCTGCCCATCCCGCCAAAGG,ci2,chr03q:2558111-2558211:-,TGGCATTACAAGCCCACAAACAACGTCTCCAACTCTGCCCATCCCGCCAAAGGAACCAGGTACCCCACATTCCCCCCACAACCACTCTAACCCCTACTCC,17,-0.372739197
ghandi2016_ci2,Foxf-3,ACAGCCACCTCGCTTATGAAGG,ci2,chr03q:2557768-2557868:-,TACCACCATCCTTTCTACGCGACTCCAAGAGACAGCCACCTCGCTTATGAAGGTAAAATTTAATTATATCCCCCCCTACTTTTTGACGCCAAGGGCCGTC,28,0.121728316
ghandi2016_ci2,Foxf-4,GTATATATAAGGGGCTCAGCGG,ci2,chr03q:2560283-2560383:+,TATATATCGCCAGGCCGGTGATTCGTACTACGTATATATAAGGGGCTCAGCGGACATCCTATGTTTCTACGTAAAAAAGCCAAGTGCTAATTTGCGAATC,38,0.935596516
ghandi2016_ci2,Foxg-r-1,AGAGAGGTCCCAATACAAAAGG,ci2,chr05q:2970883-2970983:+,CAGCTCGTTTAACCAGTACCCCTCCGCCAGAAGAGAGGTCCCAATACAAAAGGCCCCCACACACATACCCCGCATTAATTGCATCAGCTATTTTGGACAG,1,-1.419650888
ghandi2016_ci2,Foxg-r-2,GTTGAGACTGAGATTGTGACGG,ci2,chr05q:2971038-2971138:-,AGTGGGTTAGCTTACCTTTTACAAAGCACTGGTTGAGACTGAGATTGTGACGGATTGAGTTCTGCCATGCCGACTTATCGTGGCAGTACTTGTAGTAGGG,38,0.935596516
ghandi2016_ci2,Foxg-r-3,ATTGGACCATGACGAGAGAGGG,ci2,chr05q:2971753-2971853:+,CCGAGGTACGAGAACGCGGCCAAGTCAAATTATTGGACCATGACGAGAGAGGGCTTCGAGGAGTTCGGCAACGAGAACAGTTTCAAAAGGAGACGAAGAC,10,-0.671770041
ghandi2016_ci2,Foxg-r-4,TCAAAAGGAGACGAAGACGAGG,ci2,chr05q:2971804-2971904:+,GGCTTCGAGGAGTTCGGCAACGAGAACAGTTTCAAAAGGAGACGAAGACGAGGAGCAGCACTTGCGCCCATTTCCGCATACAAAGCTAAAAAATACCAAA,0,-1.794933098
ghandi2016_ci2,Fzd58-1,TGCGAATGCACTTACCGACTGG,ci2,chr09q:1446941-1447041:+,CATCGCAAATATTATTATTAGTATAACATACTGCGAATGCACTTACCGACTGGGCAGCTTCTTTTTGGTCGTATATGTAGCTGGGCGACACGGACATATC,15,-0.429141752
ghandi2016_ci2,Fzd58-2,CTTAGTCAAAGGGCCGAATTGG,ci2,chr09q:1445034-1445134:+,CAAGCAGTTTCATTTCTTCAGCACATTTCGTCTTAGTCAAAGGGCCGAATTGGATCACCTGCGATAAAATCGGACATTGAATAAATTCATGCACAACAAA,23,-0.156761868
ghandi2016_ci2,Fzd58-3,ACACCCCGATCTGTATACCTGG,ci2,chr09q:1444953-1445053:-,GAAGAAATGAAACTGCTTGTGTGTTCTGTTTACACCCCGATCTGTATACCTGGATACCCCGGCTTTTTACCACCTTGCAGGTCAGTTAAATCATAGGTTT,29,0.17434836
ghandi2016_ci2,Fzd58-4,GGTCATTCTGTCACTGACTTGG,ci2,chr09q:1434912-1435012:-,TTAAAAGCTAAATCAGGTTATTAAACAGGTGGGTCATTCTGTCACTGACTTGGTTCCTCGCGGCTGGTTTGAAATGGGGAAGCGAAGCCATCGCCAGCTA,18,-0.335796644
ghandi2016_ci2,Gata456-1,CTACGGTAGGGGTAGTAGTAGG,ci2,scaffold_69:78799-78899:+,GTAAGTAGCAGTGGGTACTTCCCCATCGGTGCTACGGTAGGGGTAGTAGTAGGGAACCTCACTGGATGGGATGAATCTGGAACGCAAAGGATATTGGTTA,43,1.373650623
ghandi2016_ci2,Gata456-4,CGTAGAGGCTGACGTCACGAGG,ci2,scaffold_69:72838-72938:+,CAACGAATGGTGACGTAGTATTTCGTTCTGACGTAGAGGCTGACGTCACGAGGCTGTTGTCCAATAGCGAAGCCGATAGAACGTTGTGGCCGGAGATGGC,35,0.566676108
ghandi2016_ci2,Hand-1,TTTGTATCCGACGGTACGTTGG,ci2,chr14p:2849663-2849763:-,CGCCAAATGTAGGGTTTTGATTTTGGAAAGCTTTGTATCCGACGGTACGTTGGGTATACACTTTCTAAGGTCGGAAAAAGCCTTGTTGATGCATTCCGTT,35,0.566676108
ghandi2016_ci2,Hand-2,CCCGTACAGTCGCCGGTATCGG,ci2,chr14p:2849756-2849856:-,AGCCTTTAAGTCGGCGCGGAACCCTTTTCCTCCCGTACAGTCGCCGGTATCGGAATGCTTTAATATGTCCGATAGATAAGCAATATAGGAAGACGCCAAA,30,0.263211531
ghandi2016_ci2,Hand-3,GGGTTCCGCGCCGACTTAAAGG,ci2,chr14p:2849801-2849901:+,TTCCGATACCGGCGACTGTACGGGAGGAAAAGGGTTCCGCGCCGACTTAAAGGCTTTGAAATCCCGCGAACGTAGAAAGGGTTTCAGAAAGGTATACCAA,5,-0.935596516
ghandi2016_ci2,Hand-4,TACTTCGGTGTAAGTCAATTGG,ci2,chr14p:2850770-2850870:-,AGCGAAAATAACTCGGAGAATAATCGGACCCTACTTCGGTGTAAGTCAATTGGTTCACGCTGGGCGAGACCGAGTTGCCCATGGCGTTGAACGCATTTTC,23,-0.156761868
ghandi2016_ci2,Hand-r-1,GCAACCGAAAACCCACACATGG,ci2,chr01q:4071555-4071655:-,TTTCAATGAAAGACCGCGCTTTGAATGCTTTGCAACCGAAAACCCACACATGGTAGCAGGGCCTAACTTACAACATTGGGAGGGTAGCGGGGGTTCTTAT,12,-0.587164212
ghandi2016_ci2,Hand-r-2,AACATTGGGAGGGTAGCGGGGG,ci2,chr01q:4071515-4071615:-,AACCCACACATGGTAGCAGGGCCTAACTTACAACATTGGGAGGGTAGCGGGGGTTCTTATTACGACCAAGACTCTCCGGGGTCGTCGGTTGAAGAGCCGT,21,-0.227455968
ghandi2016_ci2,Hand-r-3,GAACCCTTGTTTGATAACTTGG,ci2,chr01q:4071334-4071434:+,AAATTCCTTTCTCTTTTCCTGAGGTTTGTTCGAACCCTTGTTTGATAACTTGGTTCTTCTTGCTGCTCTGTATGGCTAACGTTAGACACATATTGCTGGA,8,-0.784876551
ghandi2016_ci2,Hand-r-4,CATCGTTAATTCTACTCTGTGG,ci2,chr01q:4070354-4070454:+,ATTTGATTGACAGATTGGTGGCGAGCAATTTCATCGTTAATTCTACTCTGTGGTTAAATAAGCATTACTAATATATTGCGTATTAAATCTGAAATAATGA,0,-1.794933098
ghandi2016_ci2,Htr7-r-1,AACTCCTGAGTTCTTGAGACGG,ci2,scaffold_157:76879-76979:+,GATCAGCCAGCGCTAGGTTTGTAATAAAACCAACTCCTGAGTTCTTGAGACGGCGTTCGCATCTTATGGAGCCGATAATCAACAGATTTCCGATCGACCC,58,2.00481621
ghandi2016_ci2,Htr7-r-2,TGATCTGGCAATCACAGCATGG,ci2,scaffold_157:76815-76915:-,GAGTTGGTTTTATTACAAACCTAGCGCTGGCTGATCTGGCAATCACAGCATGGTATATGCCGGTTGTGCTTGCCAATGTTCTGTCGGTAAGTGATATATT,59,2.380246976
ghandi2016_ci2,Htr7-r-3,ACACAGAAAGACACTGGGGTGG,ci2,scaffold_157:74257-74357:-,AACCACGTGTGGATAAACCCAAATTACATTTACACAGAAAGACACTGGGGTGGATTGCATTTATCTGGATTGCGAGTTTCTTGATCGCATTACCATTGAT,43,1.373650623
ghandi2016_ci2,Htr7-r-4,AAGCAAAGGGGGACTCCCTGGG,ci2,scaffold_157:73930-74030:+,ACATGCAAGACATCATCTTTTCGTTAAACGTAAGCAAAGGGGGACTCCCTGGGTTATAAATGACGTATGGTATATTGTGACGTAGGTAAGATGTATATAA,35,0.566676108
ghandi2016_ci2,Islet-2,GATGCGGCAGGGGTCTGTAAGG,ci2,scaffold_95:332753-332853:+,GTATAGGGGAGCCACATCCTACGCATAGAGGGATGCGGCAGGGGTCTGTAAGGAAAACTTGGTTAAATTTGTTTGTAAATCGTTTATATAGTAAGCTGGG,43,1.373650623
ghandi2016_ci2,Lef1-1,AGAATGCCTCAGTTAAACTCGG,ci2,chr06q:123821-123921:-,GTACTGGATTACTTGGAGCGAGTCGGAGTAAAGAATGCCTCAGTTAAACTCGGATGAAGCTGCCAATGATGAGCCAAAAACCTATAACGATGAAAGGGTA,30,0.263211531
ghandi2016_ci2,Lef1-2,CGTAAGATTGTCGCCTGTGTGG,ci2,chr06q:123684-123784:+,TTTAAAAGCAGAATTTAACTTACCGGAACATCGTAAGATTGTCGCCTGTGTGGGTCTCTGTCTTCTTCCTCGACTAAATCACCCTTTATGTTGTCAAGTT,43,1.373650623
ghandi2016_ci2,Mrf-1,ATGGGGTTTGTGGCGTAACTGG,ci2,chr14q:2919457-2919557:+,TCGTGAAGGCGTCCGTTTTTGTGACGTCATAATGGGGTTTGTGGCGTAACTGGTGAAATAGCTGCTGCTGTTGGAGAATATTGAAGAGAGGTCGAGCTCC,15,-0.429141752
ghandi2016_ci2,Mrf-2,GACGAACTGAAGAGATGCGTGG,ci2,chr14q:2919301-2919401:-,TCGAGAAGTTTCGGGGGTTTTATCGGAACTGGACGAACTGAAGAGATGCGTGGAGGGAAATTATATCGGAATCGATGCGGAAAAGAGCGATATCTCGATA,32,0.410197739
ghandi2016_ci2,Mrf-3,TAGTGTTGCCGCCCTCCGTCGG,ci2,chr14q:2918346-2918446:+,GGTTGACACGTTTAAGGCGTCGTCTCTCTCGTAGTGTTGCCGCCCTCCGTCGGTCGTGTGGCCCAGTTTTACGTTTACACGCTTTGCATGCCCATACTAA,32,0.410197739
ghandi2016_ci2,Mrf-4,CTTAAGGGCGTCGTACGCTTGG,ci2,chr14q:2918295-2918395:+,GTCTCTGGTTCGGGTTTGCGCATGCGCAACGCTTAAGGGCGTCGTACGCTTGGTTGACACGTTTAAGGCGTCGTCTCTCTCGTAGTGTTGCCGCCCTCCG,5,-0.935596516
ghandi2016_ci2,Neurog-1,CTTACCATTACGTCTTGTGAGG,ci2,chr06q:2011703-2011803:-,AAAAATAACTTAATATTTAACTGGTTTATTTCTTACCATTACGTCTTGTGAGGTCTTTCCTAAATCAGTATATTGTGCATTCCCGGCTGCGACGTTATAA,23,-0.156761868
ghandi2016_ci2,Nk4-1,GGAAGTGATTCATCCGTACAGG,ci2,chr08q:4498726-4498826:-,CTGCCGGATGTCGGCGGCGGAGAAAGTCCTCGGAAGTGATTCATCCGTACAGGATCCTCCGAATCTTCCGTCTTCATGTTGTTTGTTTGGCGATCCGGAT,14,-0.486944619
ghandi2016_ci2,Nk4-2,AATCAGTTACTCAAGTCACGGG,ci2,chr08q:4498799-4498899:+,ACTTTCTCCGCCGCCGACATCCGGCAGGATGAATCAGTTACTCAAGTCACGGGTAAGTTGTTTTACTTGTCTCGTTGCTTTAAAAGCAGCTTACGCATGA,46,1.714128164
ghandi2016_ci2,Nk4-3,AACCAGATCTTGACCTGGGTGG,ci2,chr08q:4502391-4502491:-,CATTCGTTTACATTTGTATCGACGATTTTGGAACCAGATCTTGACCTGGGTGGAAGTCAGTTTTAAAATCTGGGCCAGATGTTCTCTTTCCGGAGCAGAC,37,0.738505029
ghandi2016_ci2,Nk4-4,CAAGACAAAACCTTAGAGCTGG,ci2,chr08q:4502463-4502563:+,AAATCGTCGATACAAATGTAAACGAATGCGACAAGACAAAACCTTAGAGCTGGCCAGTATTGGACCTCCACGAAGAGTTGCAGTTCCTGTTTTAGTTCGC,13,-0.526391937
ghandi2016_ci2,Rhodf-4,CCAGAACGTAGAAATCCGATGG,ci2,chr01q:4528316-4528416:-,TCTGCTATGACGTCACAAACCTTTCAAGCTTCCAGAACGTAGAAATCCGATGGTCGCCAGAAATCCGCCATTTTTGCCCCCACACGCCTACGATGTTGGT,3,-1.178106063
ghandi2016_ci2,Tle-b-1,TAGACTTACCTCTTGTGACAGG,ci2,chr04q:5405366-5405466:-,CCAGTTAAACGAAAAACTTTCTGCTGTAATTTAGACTTACCTCTTGTGACAGGTAATGCATCACTTGCAATATGATGGCGTGCAATCGCTTTGCTATTTC,27,0.086843579
ghandi2016_ci2,Tle-b-2,ACCCGACAGCTCCCATACCCGG,ci2,chr04q:5406486-5406586:+,CAGGCTCAACAAGGGCAATTCCAGCTCCACCACCCGACAGCTCCCATACCCGGTATGCCCCACCCTCCAGGACTCCCTCCTCCCCCACATCTTCCCTCCT,26,0.052064237
ghandi2016_ci2,Tle-b-3,GGAGGGAGTCCTGGAGGGTGGG,ci2,chr04q:5406497-5406597:-,GGCTGCGGAGGAGGAGGGAAGATGTGGGGGAGGAGGGAGTCCTGGAGGGTGGGGCATACCGGGTATGGGAGCTGTCGGGTGGTGGAGCTGGAATTGCCCT,39,1.079697704
ghandi2016_ci2,Tle-b-4,TTCCCTCCTCCTCCGCAGCCGG,ci2,chr04q:5406546-5406646:+,CACCCTCCAGGACTCCCTCCTCCCCCACATCTTCCCTCCTCCTCCGCAGCCGGACTCCTTGCGCTCTCCCAGGCTGCTCTGGGCGGAGTGCAACCTCCTC,6,-0.833000778
