dataset,guide,seq,db,position,longSeq100Bp,Raw,
farboud2015,Y62E10A.17-1,CGCACCGATGCTCTCCGAGGAGG,ce6,chrIV:13414536-13414636:-,GTTGCAACCACCACGTGGACCTTTCGAATACGCACCGATGCTCTCCGAGGAGGCACAATTTGCGATTAAGCTGGCGGGTCTTCTCAACCCGAATCCGGTC,57,
farboud2015,sex1-1,GGATGAGAATCTGACAAAGGTGG,ce6,chrX:10201500-10201600:+,TTTGAAGGTGAATTGTGTTGGAATGAAAACGGATGAGAATCTGACAAAGGTGGCTAGCAGTGAACGGGAGTCTGTTGTTGATTTGGCGTTGGCTGCTGTG,54,
farboud2015,cpsf2-1,CACTTTCAATTTGATAATGGAGG,ce6,chrV:7179145-7179245:-,AAGAGGTCCTTCGTCTTTTGCACCGGAAAACACTTTCAATTTGATAATGGAGGTCATTTGATGTGTCTTTTAGGTTTTCCCGCTGTTCTGAAAATATTCA,52,
farboud2015,sex1-2,AACATTTCCACAACGAGAGGAGG,ce6,chrX:10201706-10201806:+,TTAACAGGCAACGGAAGTGTTGAGAGTTGGAACATTTCCACAACGAGAGGAGGCAGGTTTAAAAACGACAAATTTTCTCGAAGAATATTGAGTTGCTGTT,51,
farboud2015,fox1-1,ATATGAGGGGAGTGAGGCGGTGG,ce6,chrX:2446086-2446186:+,ATTTAACGTTCTAAGCGCCGGGTTCATTTGATATGAGGGGAGTGAGGCGGTGGCCAACGCGTTGCTAAGGTATTGTTCGCCAAACGCCGAGGCATTTCCA,29,
farboud2015,fox1-2,ATTACAGTGAAGTACAGCGGAGG,ce6,chrX:2449615-2449715:+,CGACGAGTAGAGTATATAGAATATGAGACAATTACAGTGAAGTACAGCGGAGGCAGAAAGGGTGCGAACGACGCGGCACGAGGTGGATTGGGATTATGCA,21,
farboud2015,fox1-3,AATATCGTTTACCAAAACGGGGG,ce6,chrX:2446010-2446110:+,TGAGTCAAAAAAAAGTGAGGTCAGGAATTGAATATCGTTTACCAAAACGGGGGGCCACTCAATACGGAGTAAATCGATTTAACGTTCTAAGCGCCGGGTT,13,
farboud2015,xol1-1,AGCGATTTCTGGCGATTGGGGGG,ce6,chrX:8042039-8042139:-,AATTGAAGGATAATTGGCAACGCGTATTCTAGCGATTTCTGGCGATTGGGGGGGGGGGGGGGGGGTTGGGGATTGAGCACCAAACTTGTAAAACCACTAT,10,
farboud2015,sex1-3,AACGGATGAGAATCTGACAAAGG,ce6,chrX:10201497-10201597:+,TTATTTGAAGGTGAATTGTGTTGGAATGAAAACGGATGAGAATCTGACAAAGGTGGCTAGCAGTGAACGGGAGTCTGTTGTTGATTTGGCGTTGGCTGCT,21,
farboud2015,fox1-4,CATTTGATATGAGGGGAGTGAGG,ce6,chrX:2446080-2446180:+,AAATCGATTTAACGTTCTAAGCGCCGGGTTCATTTGATATGAGGGGAGTGAGGCGGTGGCCAACGCGTTGCTAAGGTATTGTTCGCCAAACGCCGAGGCA,20,
farboud2015,Y62E10A.17-2,ATACGCACCGATGCTCTCCGAGG,ce6,chrIV:13414539-13414639:-,AAAGTTGCAACCACCACGTGGACCTTTCGAATACGCACCGATGCTCTCCGAGGAGGCACAATTTGCGATTAAGCTGGCGGGTCTTCTCAACCCGAATCCG,14,
farboud2015,sex1-4,TGGAACATTTCCACAACGAGAGG,ce6,chrX:10201703-10201803:+,TGGTTAACAGGCAACGGAAGTGTTGAGAGTTGGAACATTTCCACAACGAGAGGAGGCAGGTTTAAAAACGACAAATTTTCTCGAAGAATATTGAGTTGCT,8,
farboud2015,lir2-1,CTCGGCTGATTTTCGCAGTTCGG,ce6,chrII:7667905-7668005:-,ACTTGGCGCTAATTCAAACCAAACTTACATCTCGGCTGATTTTCGCAGTTCGGGGGCCATTAGCTGCCAACATGACTGTCACTGATCTGAAAATGCTATT,1,
farboud2015,cpsf2-2,AAACACTTTCAATTTGATAATGG,ce6,chrV:7179148-7179248:-,ACAAAGAGGTCCTTCGTCTTTTGCACCGGAAAACACTTTCAATTTGATAATGGAGGTCATTTGATGTGTCTTTTAGGTTTTCCCGCTGTTCTGAAAATAT,0,
farboud2015,fox1-5,TTGAATATCGTTTACCAAAACGG,ce6,chrX:2446007-2446107:+,TTCTGAGTCAAAAAAAAGTGAGGTCAGGAATTGAATATCGTTTACCAAAACGGGGGGCCACTCAATACGGAGTAAATCGATTTAACGTTCTAAGCGCCGG,0,
farboud2015,fox1-6,ACAATTACAGTGAAGTACAGCGG,ce6,chrX:2449612-2449712:+,CATCGACGAGTAGAGTATATAGAATATGAGACAATTACAGTGAAGTACAGCGGAGGCAGAAAGGGTGCGAACGACGCGGCACGAGGTGGATTGGGATTAT,0,
farboud2015,xol1-2,TCTAGCGATTTCTGGCGATTGGG,ce6,chrX:8042042-8042142:-,TAGAATTGAAGGATAATTGGCAACGCGTATTCTAGCGATTTCTGGCGATTGGGGGGGGGGGGGGGGGGTTGGGGATTGAGCACCAAACTTGTAAAACCAC,0,
farboud2015,cpsf2-3,GTGGTTGGGATGAGCGATTCGGG,ce6,chrV:7179258-7179358:+,AAGTGGATGGTGATTATATACTATTGGATTGTGGTTGGGATGAGCGATTCGGGTTACAATATTTTGAAGAATTAAAACCTTTTATTCCCAAAGTAAGCTC,0,
farboud2015,lir2-2,AATCAGCCGAGATGTAAGTTTGG,ce6,chrII:7667934-7668034:+,GTTGGCAGCTAATGGCCCCCGAACTGCGAAAATCAGCCGAGATGTAAGTTTGGTTTGAATTAGCGCCAAGTGCAATATTCCAATGGAGCACAGTTGTTGA,0,
farboud2015,lir2-3,TTGACTCGTTCCATTTCAGCTGG,ce6,chrII:7668451-7668551:-,AGAACCTTTTTTCGATTGTGAAAATGCGACTTGACTCGTTCCATTTCAGCTGGAATATCGAATTTTTCAGTTACTTTATCAGCGATTCGAGCCCAATGCT,0,
farboud2015,sex1-5,AAACCTGCCTCCTCTCGTTGTGG,ce6,chrX:10201696-10201796:-,CAATATTCTTCGAGAAAATTTGTCGTTTTTAAACCTGCCTCCTCTCGTTGTGGAAATGTTCCAACTCTCAACACTTCCGTTGCCTGTTAACCATAACAAC,0,
farboud2015,C35E7.6-1,GGGCACCATACCGAGTGATGGGG,ce6,chrI:10817472-10817572:-,TAGGCGAAAATGATGTTCTTATGAATGTGTGGGCACCATACCGAGTGATGGGGAGTCAGGTCACTGTCCATTTGAACTGGTTTACCATCTACGCAGACAA,100,
farboud2015,pie1-1,GGCTCAGATTGACGAGGCGCCGG,ce6,chrIII:12426972-12427072:+,AAAGCGTGAAGCGCTCAAGATCACTCCATTGGCTCAGATTGACGAGGCGCCGGCAACTAAAAGACATAGCTCGGCGAAGGATAAGGTTTTGATTTAAAAA,24,
farboud2015,avr14-1,GATTGGAGAGTTAGACCACGTGG,ce6,chrI:5973138-5973238:-,GAAATTATTCAAAGAATATTGAAAGACTATGATTGGAGAGTTAGACCACGTGGAATGAATGCCACGTGGCCAGGTGAGTATTTTTAGTTTTTAAATTCAA,20,
farboud2015,pie1-2,GCTGAGAGAAGAATCCATCGGGG,ce6,chrIII:12428874-12428974:-,GGCAAAATTAGGAAATAATAGTTGGTGGTGGCTGAGAGAAGAATCCATCGGGGAACACTTCAAACGCACCGCCCGTGGCATTCGGATCAATAGTCACATC,15,
farboud2015,unc119-1,GAATTTTCTGAAATTAAAGACGG,ce6,chrIII:10907806-10907906:+,GGCAAGATATGTCCGATATCGATTTGCGCCGAATTTTCTGAAATTAAAGACGGTCGGCGCGACGGTCGAGTTCAAGGTCGGCGATGTGCCGATCACACAT,3.7,
farboud2015,dpy13-1,GGACATTGACACTAAAATCAAGG,ce6,chrIV:4235595-4235695:+,TGATGCAGAACGATAGGTGTGCTTAGCCATGGACATTGACACTAAAATCAAGGCCTACCGCTTCGTTGCCTACTCGGCAGTCGTCTTCTCCGTTATCGCC,0.5,
farboud2015,klp12-1,GATCCACAAGTTACAATTGGTGG,ce6,chrIV:11359551-11359651:-,AGTCGAGTATGTACATCAGTTCTTCCAAATGATCCACAAGTTACAATTGGTGGTGATCGTTCATTTACTTATGATCATGTATTTGATATGCCTACTCTAC,80.3,
farboud2015,vet2-1,GTTGGATCATAGGATACCGGTGG,ce6,chrI:10847035-10847135:-,TCCACAATGCAAATCCGATCGCCCACTGGAGTTGGATCATAGGATACCGGTGGAACCACTGGTTCAATTTGCTCGAGACACTTCTCCTTGATATCATAGA,38,
farboud2015,lon2-1,GGGAAACTATACCCTCACTGTGG,ce6,chrX:4748218-4748318:-,CGACTGCAATACAGATGACTTGATACAAAAGGGAAACTATACCCTCACTGTGGAAGTGAAAAACATGCAAGTGAGGCTAGTAGAACCATTTCGCGATGCA,30,
farboud2015,lin5-1,GGAGCTTACTGAGACTCTTCGGG,ce6,chrII:7861723-7861823:+,TGAATTCGCTAGATTCCGTCAGCAGGAACAGGAGCTTACTGAGACTCTTCGGGCGACGCAGGACCAAATGGCTGACCTCCAGGAACAACTTACCGGAGTG,20.8,
farboud2015,Y61A9LA.1-1,GGATGGATGTGTAGTCAATTCGG,ce6,chrV:4598915-4599015:+,ATCGCCACTATCTTTGGACAATTTCTGGCTGGATGGATGTGTAGTCAATTCGGCAGGAAGCATACTGCCCTGATTGCTTCATTTCTTTATGTTAGTTGGT,18.1,
farboud2015,avr14-2,GAATATTGAAAGACTATGATTGG,ce6,chrI:5973155-5973255:-,GAAAGCTCAAAGAGCAAGAAATTATTCAAAGAATATTGAAAGACTATGATTGGAGAGTTAGACCACGTGGAATGAATGCCACGTGGCCAGGTGAGTATTT,10,
farboud2015,unc4-1,GTTATCGTCATCCGGTGACGTGG,ce6,chrII:9899597-9899697:+,GGCGATTCCATCGTCTTCGTTCATCAACAGGTTATCGTCATCCGGTGACGTGGATTGTTCCCGGGATGATGTAGATTTTCCATTGTCAGATGCTAGATAC,10,
farboud2015,dpy11-1,GCAAGGATCTTCAAAAAGCATGG,ce6,chrV:6512772-6512872:-,ATTCCAGCCATGCTCCATGGTGCCCAGCTTGCAAGGATCTTCAAAAAGCATGGAACGCATTCGCCGACTGGTCTGATGATCTTGGAATCAAGGTTGGAGA,10,
farboud2015,pie1-3,GGACAAAGAGAGGGGGTGAGTGG,ce6,chrIII:12428958-12429058:-,TTTGGCTTTTTTGGCACAAGTTCATTCACAGGACAAAGAGAGGGGGTGAGTGGATAAATATACAAAACAAAATATGGAAAATACGGCAAAATTAGGAAAT,7.5,
farboud2015,unc22-1,GAACCCGTTGCCGAATACACAGG,ce6,chrIV:11992164-11992264:-,TTCAGAACCGCCGATGAAGTACAGTTTCCTGAACCCGTTGCCGAATACACAGGAGATCTACCGTACTAAGCAAGCAGTGCTCACATGTAAAGTGAACACA,5,
farboud2015,pie1-4,GTTGAGTGCAGCCATTTGCTCGG,ce6,chrIII:12426747-12426847:-,ATCGGCAGCGAACGACGTGTCATCTGAGTTGTTGAGTGCAGCCATTTGCTCGGCAATCGGCTTTGTTTGAGCCATCTGGAAAAGAAAATTTGATTTTTAA,5,
farboud2015,unc119-2,GTTATAGCCTGTTCGGTTACCGG,ce6,chrIII:10907447-10907547:-,TGATTTTTCGCGAGAAGCTCCGCCTCGGTGGTTATAGCCTGTTCGGTTACCGGTGGGGGTCGGGGCATCTGAAAAAAAAAAGAGTTTTCTGTATTCTGCC,4.9,
farboud2015,rol1-1,GGAGGTTGACTCCAATACTAAGG,ce6,chrII:12172486-12172586:+,TGACATTTATATTGCCTAATATTCCTTAATGGAGGTTGACTCCAATACTAAGGTAGGATGCTGATCGAAAAAAAAAAATGTTTTTGGCCTAAAAATTTGT,1.4,
farboud2015,ben1-1,GGGAGAAAGTGATTTGCAGTTGG,ce6,chrIII:3541397-3541497:-,GCATGGGATCCAGCCTGATGGAACTTATAAGGGAGAAAGTGATTTGCAGTTGGAAAGAATCAATGTCTACTATAATGAGGCTAATGGTGAGAAATTTAGC,0,
farboud2015,ben1-2,GGATATCACTTCCCAGAACTTGG,ce6,chrIII:3541472-3541572:+,AGTTCCATCAGGCTGGATCCCATGCTCATCGGATATCACTTCCCAGAACTTGGCTCCGATTTGATTACCACATTGTCCGGCTTGAACGTGAACAATTTCT,0,
farboud2015,bli2-1,GATGGACGGGATGGTAGAGATGG,ce6,chrII:5651883-5651983:-,CCATCTGGACCACCAGGACCACCAGGAGAAGATGGACGGGATGGTAGAGATGGAAAACCAGGACTTAATGGAGAAGACGGTACAGATGCAAAGGATTCAG,0,
farboud2015,bli2-2,GGATTTGCTGCTACTGAATCCGG,ce6,chrII:5651995-5652095:+,AGAACAGCATTGTCCTCCTGGAGCCAAAGAGGATTTGCTGCTACTGAATCCGGACTCGGCATTTGTATTCGATTCAGCGAAATCGTAGCCAGCTTGTTTC,0,
farboud2015,dpy5-1,GTCGGATTCGGCGCTGCATGCGG,ce6,chrI:5432969-5433069:-,CTGTGTTTTCAGAAAATGGTAAAGGCCGTCGTCGGATTCGGCGCTGCATGCGGAATCTCTGCTATCGTTGCTTGCCTTTGGGCTGCACTTGTCATCACAA,0,
farboud2015,dpy5-2,GGTTTCCTGGAGCTCCGGCTGGG,ce6,chrI:5432720-5432820:+,CAGTGCCTCCTGGCTCTCCTGGGGCTCCTGGGTTTCCTGGAGCTCCGGCTGGGCATCCTTGAGATGGAAGTCCGCAAGAGCATTGGCTGTTGGAACGCTT,0,
farboud2015,dpy11-3,GATGCTTGTAGTCTGGAACTGGG,ce6,chrV:6512503-6512603:+,GCCACAAAAAAGCGTACTGCTTAGAGTTTGGATGCTTGTAGTCTGGAACTGGGTCGATCACACGGTATTTCTTATCCTCGACGAATGAAATGAAGTCATT,0,
farboud2015,unc22-2,GCCTTTGCTTCGATTTTCTTTGG,ce6,chrIV:11991349-11991449:+,AATGGAACCTTCACAACACATGGTTCTCCAGCCTTTGCTTCGATTTTCTTTGGCTTCCAGTTGAGAATTGGACGCTTTTCTGCCTCGAGAACAGTCACAT,0,
farboud2015,unc32-1,GATAGGAAGCATCAGATTGAAGG,ce6,chrIII:8905571-8905671:-,GTCCGAGCTCTCCCAGTTCAGCAACGCATTGATAGGAAGCATCAGATTGAAGGTAGAGTTGAGCCAGGCACATCTGCTCACTTCGATAGATGCCCGGTTG,0,
farboud2015,unc32-2,GTTGCTGAACTGGGAGAGCTCGG,ce6,chrIII:8905616-8905716:+,TACCTTCAATCTGATGCTTCCTATCAATGCGTTGCTGAACTGGGAGAGCTCGGACTTGTTCAGTTTCGTGATGTGAGTTTGTGATATGTAAAAAACTATT,0,
